"z_score_bin","class","n_total","n_z_score_bin","n_z_score_bin_class","n_z_score_bin_other","n_outside_z_score_bin","n_outside_z_score_bin_class","n_outside_z_score_bin_other","beta","std.error","statistic","odds_ratio","or_conf_low","or_conf_high","p.value","p.adjust"
"< -2","Likely benign",326121,3692,2314,1378,322429,230032,92397,-0.394,0.0342,-11.5,0.675,0.631,0.721,1.36e-30,4.08e-30
"< -2","Ambiguous",326121,3692,432,3260,322429,31941,290488,0.187,0.0515,3.62,1.21,1.09,1.33,0.000294,0.000881
"< -2","Likely pathogenic",326121,3692,946,2746,322429,60456,261973,0.401,0.038,10.6,1.49,1.39,1.61,4.94e-26,1.48e-25
"-2 to -1","Likely benign",326121,35501,23525,11976,290620,208821,81799,-0.262,0.012,-21.9,0.769,0.752,0.788,1.98e-106,5.95e-106
"-2 to -1","Ambiguous",326121,35501,3688,31813,290620,28685,261935,0.0569,0.0185,3.08,1.06,1.02,1.1,0.00206,0.00617
"-2 to -1","Likely pathogenic",326121,35501,8288,27213,290620,53114,237506,0.309,0.0134,23,1.36,1.33,1.4,5.43e-117,1.63e-116
"-1 to 0","Likely benign",326121,141969,101244,40725,184152,131102,53050,0.00595,0.0078,0.762,1.01,0.991,1.02,0.446,1
"-1 to 0","Ambiguous",326121,141969,14171,127798,184152,18202,165950,0.0109,0.0118,0.924,1.01,0.988,1.03,0.356,1
"-1 to 0","Likely pathogenic",326121,141969,26554,115415,184152,34848,149304,-0.0144,0.00904,-1.59,0.986,0.968,1,0.112,0.336
"0 to 1","Likely benign",326121,109011,78369,30642,217110,153977,63133,0.0475,0.00823,5.77,1.05,1.03,1.07,7.86e-09,2.36e-08
"0 to 1","Ambiguous",326121,109011,10773,98238,217110,21600,195510,-0.00743,0.0124,-0.598,0.993,0.969,1.02,0.55,1
"0 to 1","Likely pathogenic",326121,109011,19869,89142,217110,41533,175577,-0.0595,0.00956,-6.22,0.942,0.925,0.96,4.84e-10,1.45e-09
"1 to 2","Likely benign",326121,25723,18885,6838,300398,213461,86937,0.118,0.0147,8.01,1.12,1.09,1.16,1.12e-15,3.35e-15
"1 to 2","Ambiguous",326121,25723,2446,23277,300398,29927,270471,-0.0516,0.0221,-2.33,0.95,0.909,0.992,0.0196,0.0587
"1 to 2","Likely pathogenic",326121,25723,4392,21331,300398,57010,243388,-0.129,0.0172,-7.49,0.879,0.85,0.909,6.78e-14,2.03e-13
"2 to 3","Likely benign",326121,5589,4319,1270,320532,228027,92505,0.322,0.0322,10,1.38,1.3,1.47,1.42e-23,4.26e-23
"2 to 3","Ambiguous",326121,5589,458,5131,320532,31915,288617,-0.214,0.0491,-4.36,0.807,0.733,0.889,1.29e-05,3.87e-05
"2 to 3","Likely pathogenic",326121,5589,812,4777,320532,60590,259942,-0.316,0.0382,-8.26,0.729,0.677,0.786,1.46e-16,4.38e-16
"3 to 4","Likely benign",326121,2607,2069,538,323514,230277,93237,0.443,0.0486,9.12,1.56,1.42,1.71,7.45e-20,2.23e-19
"3 to 4","Ambiguous",326121,2607,230,2377,323514,32143,291371,-0.131,0.0693,-1.89,0.877,0.766,1,0.0584,0.175
"3 to 4","Likely pathogenic",326121,2607,308,2299,323514,61094,262420,-0.553,0.0608,-9.08,0.575,0.511,0.648,1.06e-19,3.19e-19
"> 4","Likely benign",326121,2029,1621,408,324092,230725,93367,0.475,0.0555,8.55,1.61,1.44,1.79,1.21e-17,3.63e-17
"> 4","Ambiguous",326121,2029,175,1854,324092,32198,291894,-0.156,0.0793,-1.97,0.856,0.733,1,0.0493,0.148
"> 4","Likely pathogenic",326121,2029,233,1796,324092,61169,262923,-0.584,0.0698,-8.37,0.558,0.486,0.639,5.74e-17,1.72e-16
