snp_name,h2_allele,h1_allele,ucsc_absolute_position,num_populations_with_data
rs241039,T,A,41070456,62
rs434428,A,G,41081467,49
rs241027,G,A,41091261,46
rs2049515,T,C,41117639,49
rs10491144,C,A,41128907,49
rs10514879,A,G,41158754,63
rs2902662,A,G,41162708,46
rs11079718,T,A,41195723,46
rs1396862,A,G,41258778,46
rs1078830,C,T,41301901,46
rs916793,A,G,41310477,55
rs17650901,C,T,41395527,46
rs17651213,A,G,41407760,46
rs1052553,G,A,41429725,46
E_TAUIVS11_10,C,T,41447563,46
rs9468,C,T,41457408,63
rs12150447,C,A,41483977,59
rs2838,G,A,41497167,63
rs1468241,C,A,41551932,46
rs1528075,G,T,41576231,46
rs1528072,A,C,41592502,58
